[
  {
    "op": "core/column-reorder",
    "description": "Reorder columns",
    "columnNames": [
      "FNODE_ID",
      "TNODE_ID",
      "TRANS_ID",
      "PRE_DIR",
      "STREET_NAM",
      "STREET_TYP",
      "SUF_DIR",
      "STREETNAME",
      "L_F_ADD",
      "L_T_ADD",
      "R_F_ADD",
      "R_T_ADD",
      "LOGICLF",
      "LOGICLT",
      "LOGICRF",
      "LOGICRT",
      "CLASS",
      "STATUS",
      "STATUS_DAT",
      "TIERED",
      "ONEWAY_DIR",
      "DIR_TRAVEL",
      "EWNS",
      "EWNS_DIR",
      "EWNS_COORD",
      "L_PARITY",
      "R_PARITY",
      "F_ZLEV",
      "T_ZLEV",
      "L_FIPS",
      "R_FIPS",
      "R_ZIP",
      "L_ZIP",
      "R_CENSUSBL",
      "L_CENSUSBL",
      "F_CROSS",
      "F_CROSS_ST",
      "T_CROSS",
      "T_CROSS_ST",
      "LENGTH",
      "SHAPE_LEN",
      "EDIT_DATE",
      "EDIT_TYPE"
    ]
  },
  {
    "op": "core/column-addition",
    "description": "Create column EDIT_BY at index 43 based on column EDIT_TYPE using expression grel:if(isBlank(value), \"City_of_Chicago\", \"City_of_Chicago\")",
    "engineConfig": {
      "facets": [],
      "mode": "row-based"
    },
    "newColumnName": "EDIT_BY",
    "columnInsertIndex": 43,
    "baseColumnName": "EDIT_TYPE",
    "expression": "grel:if(isBlank(value), \"City_of_Chicago\", \"City_of_Chicago\")",
    "onError": "set-to-blank"
  }
]