<?xml version="1.0" encoding="utf-8"?>
<!DOCTYPE TS>
<TS version="2.0" language="pt_BR">
<context>
    <name>MainWindow</name>
    <message>
        <location filename="../forms/mainwindow.ui" line="22"/>
        <source>United Kingdom</source>
        <translation>Reino Unido</translation>
    </message>
    <message>
        <location filename="../forms/mainwindow.ui" line="38"/>
        <source>God save the Queen</source>
        <translation>Deus salve a Rainha</translation>
    </message>
    <message>
        <location filename="../mainwindow.cpp" line="46"/>
        <source>England</source>
        <translation>Inglaterra</translation>
    </message>
    <message>
        <location filename="../mainwindow.cpp" line="47"/>
        <source>Wales</source>
        <translation>Gales</translation>
    </message>
    <message>
        <location filename="../mainwindow.cpp" line="48"/>
        <source>Scotland</source>
        <translation>Escócia</translation>
    </message>
    <message>
        <location filename="../mainwindow.cpp" line="49"/>
        <source>Northern Ireland</source>
        <translation>Irlanda Norte</translation>
    </message>
    <message>
        <location filename="../mainwindow.cpp" line="51"/>
        <source>Portuguese</source>
        <translation>Português</translation>
    </message>
    <message>
        <location filename="../mainwindow.cpp" line="52"/>
        <source>English</source>
        <translation>Inglês</translation>
    </message>
</context>
</TS>
